id,public_name,lat,lng,address,postal_code
queenstown-scienceparkdr-dnvgl-lobby,Queenstown/Science Park Dr/DNV GL/Lobby,1.290142536,103.7868958,"16, Science Park Dr",118227
central-claymorerd-21,Central/Claymore Rd/21,1.3077385,103.8301985,Claymore Road 21,229545
jurongeast-jurongeastave1-blk354-deck1a,Jurong East/Jurong East Ave 1/Blk 354/Deck 1A,1.3447,103.7325,354 Jurong East Avenue 1,600354
sembawang-admiraltydr-blk358a-deck1a,Sembawang/Admiralty Dr/Blk 358A/Deck 1A,1.44891,103.81607,358A Admiralty Drive,751358
toapayoh-toapayohlor2-blk120a-deck1b,Toa Payoh/Toa Payoh Lor 2/Blk 120A/Deck 1B,1.33983,103.84585,120A Lorong 2 Toa Payoh,311120
bukitmerah-redhillrd-blk73-deck1a,Bukit Merah/Redhill Rd/Blk 73/Deck 1A,1.288028,103.81733,73 Redhill Road,150073
punggol-punggolfieldwalk-blk128-deck1b,Punggol/Punggol Field Walk/Blk 128/Deck 1B,1.393079,103.913409,128 Punggol Field  Walk,820128
pasirris-pasirrisst72-blk718a-deck1b,Pasir Ris/Pasir Ris St 72/Blk 718A/Deck 1B,1.381854,103.936034,718A Pasir Ris Street 72,511718
jurongwest-yungkuangrd-blk175-decka1,Jurong West/Yung Kuang Rd/Blk 175/Deck A1,1.3321898,103.7218896,"175 Yung Kuang, Yung Kuang Road",611184
choachukang-teckwhyeave-blk146a-deck1a,Choa Chu Kang/Teck Whye Ave/Blk 146A/Deck 1A,1.38111,103.75332,146A Teck Whye Avenue S,681146
queenstown-hollanddr-blk18-deck1a,Queenstown/Holland Dr/Blk 18/Deck 1A,1.3118,103.79207,18 Holland Drive,271018
bukitpanjang-lompangrd-blk170a-deck1a,Bukit Panjang/Lompang Rd/Blk 170A/Deck 1A,1.378999,103.765156,170A Lompang Road,671170
central-racecourselane-4,Central/Race Course Lane/4,1.30954,103.8531,4 Race Course Lane,218732
central-mohamedsultanrd-28,Central/Mohamed Sultan Rd/28,1.29288,103.8413,28 Mohamed Sultan Road,238275
bishan-bishanst22-blk282-deck2,Bishan/Bishan St 22/Blk 282/Deck 2,1.358166,103.844633,282 Bishan Street 22,570282
sengkang-sengkangeastway-blk323-deck1a,Sengkang/Sengkang East Way/Blk 323/Deck 1A,1.39333,103.89251,323 Sengkang East Way,543323
angmokio-angmokioave10-blk410,Ang Mo Kio/Ang Mo Kio Ave 10/Blk 410,1.3632318,103.8546083,410 Ang Mo Kio Avenue 10,560410
yishun-yishunst22-blk265,Yishun/Yishun St 22/Blk265,1.4369706,103.8383619,265 Yishun Street 22,760265
punggol-punggolfield-blk199-deck1a,Punggol/Punggol Field/Blk 199/Deck 1A,1.400142,103.905715,199 Punggol Field,820199
sengkang-fernvalerd-blk453a-deck1a,Sengkang/Fernvale Rd/Blk 453A/Deck 1A,1.393954,103.87528,453 Fernvale Road,790453
hougang-hougangave9-blk933-deck1a,Hougang/Hougang Ave 9/Blk 933/Deck 1A,1.37566,103.88252,933 Hougang Avenue 9,530933
serangoon-lorongliewlian-blk2a-deck2a,Serangoon/Lorong Liew Lian/Blk 2A/Deck 2A,1.34985,103.875774,2A Lorong Liew Lian,532002
central-sultangate-1,Central/Sultan Gate/1,1.30118,103.86091,1 Sultan Gate,198474
tampines-simeist1-blk108-deck373,Tampines/Simei St 1/Blk 108,1.343322,103.951077,108 Simei Street 1,520108
central-stanleyst-3,Central/Stanley St/3,1.279759,103.847743,3 Stanley Street,68722
bishan-bishanst11-blk152a-deck1b,Bishan/Bishan St 11/Blk 152A/Deck 1B,1.34516,103.85474,152A Bishan Street 11,571152
jurongwest-jurongwestst61-blk624a-deck1a,Jurong West/Jurong West St 61/Blk 624A/Deck 1A,1.341173,103.698491,624A Jurong West Street 61,641624
bukitbatok-bukitbatokwestav8-blk154a-deck3a,Bukit Batok/Bukit Batok West Av 8/Blk 154A/Deck 3A,1.347503,103.743757,154A Bukit Batok West Avenue,651154
woodlands-woodlandscrescent-blk780-deck2a,Woodlands/Woodlands Crescent/Blk 780/Deck 2A,1.448457,103.800855,"780 Woodlands Crescent, Woodlands Dew",730780
angmokio-angmokioav4-blk157,Ang Mo Kio/Ang Mo Kio Av 4/Blk 157,1.3751449,103.839079,157 Ang Mo Kio Avenue 4,560157
bedok-bedoknorthrd-blk184-deck1a,Bedok/Bedok North Rd/Blk 184/Deck 1A,1.326199,103.94176,"184 Bedok North Road, Vista 8",460184
central-mosquest-28,Central/Mosque St/28,1.28345,103.84541,28 Mosque Street,59506
central-jalanmerahsaga-44,Queenstown/Jalan Merah Saga/44,1.31187,103.79699,44 Jalan Merah Saga,278116
tampines-tampinesst41-blk420,Tampines/Tampines St 41/Blk 420,1.357537,103.947125,420 Tampines Street 41,520418
central-queenst-269b,Central/Queen St/269B,1.3001556,103.8539147,269B Queen Street,182269
central-peckseahst-23,Central/Peck Seah St/23,1.27767,103.84494,23 Peck Seah Street,79313
queenstown-fusionopolispl-1-deckb4,Queenstown/Fusionopolis Pl/1/Deck B4,1.29866,103.78748,1 Fusionopolis Place,138632
bukitpanjang-fajarrd-blk443-deck1b,Bukit Panjang/Fajar Rd/Blk 443/Deck 1B,1.3810266,103.7706337,443 Fajar Road,670443
sengkang-rivervalecrescent-blk146a-deck1b,Sengkang/Rivervale Crescent/Blk 146A/Deck 1B,1.3903867,103.9061507,146A Rivervale Crescent,541146
tampines-tampinesst32-blk307a-deck1a,Tampines/Tampines St 32/Blk 307A/Deck 1A,1.353513,103.956151,307A Tampines Street 32,521307
angmokio-angmokiost22-blk226eh,Ang Mo Kio/Ang Mo Kio St 22/Blk 226E-H,1.366843,103.840661,226 Ang Mo Kio Street 22,565226
central-kitchenerrd-93,Central/Kitchener Rd/93,1.3085176,103.8588033,93 Kitchener Road,208510
geylang-aljuniedave2-blk118-deck2b,Geylang/Aljunied Ave 2/Blk 118/Deck 2B,1.320235,103.88772,118 Aljunied Avenue 2,380118
queenstown-commonwealthdrive-blk54-deck1b,Queenstown/Commonwealth Drive/Blk 54/Deck 1B,1.301726,103.796861,54 Commonwealth drive,142054
jurongeast-tohguanroad-blk267a-deck1a,Jurong East/Toh Guan Road/Blk 267A/Deck 1A,1.341566,103.745218,267A Toh Guan road,601267
sembawang-wellingtoncircle-blk508-deck1b,Sembawang/Wellington Circle/Blk 508/Deck 1B,1.452938,103.81986,508 Wellington circle,750508
sengkang-rivervaledrive-blk190c-deck1b,Sengkang/Rivervale Drive/Blk 190C/Deck 1B,1.39479,103.902436,190C Rivervale drive,543190
sengkang-rivervaledrive-blk124d-deck1a,Sengkang/Rivervale Drive/Blk 124D/Deck 1A,1.387552,103.902722,124D Rivervale drive,544124
toapayoh-joosengroad-blk2a-deck1a,Toa Payoh/Joo Seng Road/Blk 2A/Deck 1A,1.334573,103.879269,2A Joo seng Road,361002
tampines-tampinesstreet71-blk701a-deck1a,Tampines/Tampines Street 71/Blk 701A/Deck 1A,1.356541,103.936594,701A Tampines street 71,521701
bishan-shunfuroad-blk320-deck3a,Bishan/Shunfu Road/Blk 320/Deck 3A,1.35221,103.836832,"320 Shunfu Road, Shunfu Mart",570320
woodlands-woodlandsdrive16-blk579a-deck1b,Woodlands/Woodlands Drive 16/Blk 579A/Deck 1B,1.431012,103.795431,579A Woodlands Drive 16,731579
bukitmerah-telokblangahstreet32-blk78a-deck1b,Bukit Merah/Telok Blangah Street 32/Blk 78A/Deck 1B,1.273384,103.808952,78A Telok Blangah street 32,101078
yishun-yishunave9-blk317-deck2b,Yishun/Yishun Ave 9/Blk 317/Deck 2B,1.433711,103.842253,"317 Yishun Avenue 9, Yishun Greenwalk",760317
hougang-buangkokcrescent-blk980-deck1a,Hougang/Buangkok Crescent/Blk 980/Deck 1A,1.380032,103.880138,980 Buangkok Crescent,530980
serangoon-serangoonave2-blk238a-deck2a,Serangoon/Serangoon Ave 2/Blk 238A/Deck 2A,1.354025,103.868894,238A Serangoon Avenue 2,551238
pasirris-pasirrisstreet12-blk199a-deck1b,Pasir Ris/Pasir Ris Street 12/Blk 199A/Deck 1B,1.366493,103.959538,199A Pasir Ris Street 12,511199
yishun-yishunstreet51-blk504-deck2,Yishun/Yishun Street 51/Blk 504/Deck 2,1.418416,103.844755,504 Yishun street 51,760504
choachukang-choachukangave4-blk429a-deck1b,Choa Chu Kang/Choa Chu Kang Ave 4/Blk 429A/Deck 1B,1.383515,103.740927,429A Choa Chu Kang Avenue 4,681429
woodlands-marsilingroad-blk181-deck2,Woodlands/Marsiling Road/Blk 181/Deck 2,1.439595,103.779857,"181 Marsiling Road, Marsiling Heights",730181
jurongwest-jurongweststreet65-blk659-deck2a,Jurong West/Jurong West Street 65/Blk 659/Deck 2A,1.3373547,103.702388,659 Jurong West Street 65,640659
tampines-tampinesstreet42-blk494a-deck1b,Tampines/Tampines Street 43/Blk 494A/Deck 1B,1.363097,103.952238,494A Tampines Street 43,521494
queenstown-dovercrescent-blk19a-deck1a,Queenstown/Dover Crescent/Blk 19A/Deck 1A,1.307398,103.784616,19A Dover Crescent,131019
geylang-pipitroad-blk91,Geylang/Pipit Road/Blk 91,1.32276,103.886197,85 to 92A Pipit Road,370085
punggol-punggolway-blk261-deck2b,Punggol/Punggol Way/Blk 261/Deck 2B,1.40541,103.896933,261 Punggol Way,820261
woodlands-woodlandringroad-blk649a-deck1b,Woodlands/Woodland Ring Road/Blk 649A/Deck 1B,1.438732,103.800336,649A Woodlands ring Road,731649
toapayoh-toapayohlor4-blk60a-deck1b,Toa Payoh/Toa Payoh Lor 4/Blk 60A/Deck 1B,1.336504,103.851158,60A Lorong 4 Toa Payoh,311060
choachukang-choachukangave1-blk809-deck1a,Choa Chu Kang/Choa Chu Kang Ave 1/Blk 809/Deck 1A,1.3758,103.7445,809 Choa Chu Kang Avenue 1,680809
central-259outramroadsengpohroad,Central/259 Outram Road (Seng Poh Road),1.285034,103.834902,259 Outram Road (Seng Poh Road),169061
sembawang-sembawangcrescent-blk336a-deck2b,Sembawang/Sembawang Crescent/Blk 336A/Deck 2B,1.446371,103.815026,336A Sembawang Crescent,751336
sengkang-anchorvaleroad-blk308-deck2b,Sengkang/Anchorvale Road/Blk 308/Deck 2B,1.389624,103.886397,308 Anchorvale Road,540308
angmokio-angmokiostreet52-blk596-deck1a,Ang Mo Kio/Ang Mo Kio Street 52/Blk 596/Deck 1A,1.372412,103.851404,596 Ang Mo Kio Street 52,560596
bukitmerah-jalanmembina-blk26-deck2a,Bukit Merah/Jalan Membina/Blk 26/Deck 2A,1.28294,103.825489,26 Jalan Membina,161026
tampines-tampinesavenue1-blk890-deck1,Tampines/Tampines Avenue 1/Blk 890/Deck 1,1.34709,103.934193,890 Tampines Avenue 1,520890
clementi-tebangardensroad-blk61-deck1a,Jurong East/Teban Gardens Road/Blk 61/Deck 1A,1.322132,103.738434,61 Teban Gardens Road,600061
central-1magazineroad-centralmall-level2,Central/1 Magazine Road/Central Mall/Level 2,1.2882195,103.8424566,"1 Magazine road, Central mall",59567
central-9rafflesplace-republicplaza-level4,Central/9 Raffles Place/Republic Plaza/Level 4,1.283658,103.850455,"9 Raffles Place, Republic Plaza",48619
sentosa-8sentosagateway-resortworldsentosa-oppositetaxistandb1towardswestcarpark,Sentosa/8 Sentosa Gateway/Resort World Sentosa/Opposite Taxi Stand @ B1 towards West carpark,1.254335,103.825533,8 Sentosa Gateway,98269
bukitpanjang-segarroad-blk547-deck1a,Bukit Panjang/Segar Road/Blk 547/Deck 1A,1.388124,103.7696,547 Segar Road,670547
simei-simeistreet1-blk132,Tampines/Simei Street 1/Blk 132,1.3472048,103.9562201,132 Simei Street 1,520132
tampines-tampinesavenue4-blk902,Tampines/Tampines Avenue 4/Blk 902,1.351249,103.939541,902 Tampines Avenue 4,520902
jurongwest-jurongweststreet91-blk953,Jurong West/Jurong West Street 91/Blk 953,1.342364,103.690355,953 Jurong West Street 91,640953
kallang-northbridgeroad-blk13-deck2b,Kallang/North Bridge Road/Blk 13/Deck 2B,1.304194,103.863115,13 North Bridge Road,190013
toapayoh-toapayohlor8-blk11a-deck2a,Toa Payoh/Toa Payoh Lor 8/Blk 11A/Deck 2A,1.336628,103.859568,11A Lorong 8 Toa Payoh,311011
kallang-jalantenteram-blk19a-deck2a,Kallang/Jalan Tenteram/Blk 19A/Deck 2A,1.327601,103.859515,19A Jalan Tenteram,322019
sembawang-montrealdrive-blk504-deck1a,Sembawang/Montreal Drive/Blk 504/Deck 1A,1.450844,103.824006,504 Montreal Drive,750504
queenstown-strathmoreavenue-blk56a-deck1b,Queenstown/Strathmore Avenue/Blk 56A/Deck 1B,1.292857,103.809891,56A Strathmore Avenue,143056
bedok-bedokcentral-blk220-deck1a,Bedok/Bedok Central/Blk 220/Deck 1A,1.325543,103.935059,220 Bedok Central,460220
bukitmerah-boontiongroad-blk11a-deck1b,Bukit Merah/Boon Tiong Road/Blk 11A/Deck 1B,1.286326,103.829076,11A Boon Tiong Road,161011
sembawang-canberraroad-blk306a-deck1,Sembawang/Canberra Road/Blk 306A/Deck 1,1.445376,103.822578,306A Canberra Road,751306
hougang-hougangavenue4-blk576a-deck1a,Hougang/Hougang Avenue 4/Blk 576A/Deck 1A,1.3786,103.885836,576A Hougang Avenue 4,531576
sembawang-sembawangdrive-blk406a-deck1a,Sembawang/Sembawang Drive/Blk 406A/Deck 1A,1.452323,103.817493,406A Sembawang Drive,751406
central-kelantanlane-blk31-deck1a,Central/Kelantan Lane/Blk 31/Deck 1A,1.306398,103.856969,31 Kelantan Lane,200031
marineparade-marinecrescent-blk35a-deck2,Marine Parade/Marine Crescent/Blk 35A/Deck 2,1.303797,103.912898,35A Marine Crescent,441035
queenstown-dovercrescent-blk28-deck2b,Queenstown/Dover Crescent/Blk 28/Deck 2B,1.304624,103.781822,28 Dover Crescent,130028
kallang-geylanglor3-blk114a-deck1a,Kallang/Geylang Lor 3/Blk 114A/Deck 1A,1.3126427,103.8742357,114A Lorong 3 Geylang,382114
pasirris-pasirrisstreet21-blk257a-deck1b,Pasir Ris/Pasir Ris Street 21/Blk 257A/Deck 1B,1.367569,103.963248,257A Pasir Ris Street 21,511257
jurongwest-jurongwestcentral3-blk697-deck1b,Jurong West/Jurong West Central 3/Blk 697/Deck 1B,1.341597,103.707913,697 Jurong West Central 3,640697
punggol-punggoldrive-blk663-deck1b,Punggol/Punggol Drive/Blk 663/Deck 1B,1.399895,103.916743,663 Punggol Drive,820663
sengkang-fernvalelink-blk414-deck1,Sengkang/Fernvale Link/Blk 414/Deck 1,1.390411,103.8803,414 Fernvale Link,790414
buonavista-11biopolisway-helios-deckb2,Queenstown/11 Biopolis Way/Helios/Deck B2,1.304152,103.791778,11 Biopolis Way,138667
yishun-yishunringroad-blk853,Yishun/Yishun Ring Road/Blk 853,1.416593,103.836526,850 to 855 Yishun Ring Road,760855
geylang-haigroad-blk8,Geylang/Haig Road/Blk 8,1.31379,103.896451,8 Haig Road,430007
serangoon-serangoonnorthavenue-blk546a-deck1a,Serangoon/Serangoon North Avenue/Blk 546A/Deck 1A,1.374037,103.870194,546A Serangoon North Avenue 3,551546
bukitpanjang-jeleburoad-blk181a-deck1a,Bukit Panjang/Jelebu Road/Blk 181A/Deck 1A,1.379109,103.763191,181A Jelebu Road,671181
woodlands-woodlandscrescent-blk788a-deck1a,Woodlands/Woodlands Crescent/Blk 788A/Deck 1A,1.444165,103.801834,788A Woodlands Crescent,731788
woodlands-woodlandsdrive50-blk889-deck1a,Woodlands/Woodlands drive 50/Blk 889/Deck 1A,1.437933,103.793715,889 Woodlands Drive 50,730889
bukitmerah-1cantonmentroad-blk1-deck1,Central/1 Cantonment Road/Blk 1/Deck 1,1.277251,103.841694,1 Cantonment Road,80001
woodlands-woodlanddrive14-blk505a-deck1,Woodlands/Woodland Drive 14/Blk 505A/Deck 1,1.432081,103.791669,505A Woodlands Drive 14,731505
woodlands-woodlandsdrive73-blk686-deck1,Woodlands/Woodlands Drive 73/Blk 686/Deck 1,1.442897,103.806107,686 Woodlands Drive 73,730686
bukitmerah-deltaavenue-blk4,Bukit Merah/Delta Avenue/Blk 4,1.292133,103.82644,Blk 1/5 Delta Avenue,160005
kallang-geylangbahru-blk60a-deck1a,Kallang/Geylang Bahru/Blk 60A/Deck 1A,1.322882,103.868614,60A Geylang Bahru,331060
bukitpanjang-jelapangroad-blk518a-deck2a,Bukit Panjang/Jelapang Road/Blk 518A/Deck 2A,1.386632,103.766896,518A Jelapang Road,671518
angmokio-angmokiostreet31-blk316b-deck1b,Ang Mo Kio/Ang Mo Kio Street 31/Blk 316B/Deck 1B,1.364667,103.847667,316B Ang Mo Kio Street 31,563316
punggol-punggoldrive-blk676-deck2,Punggol/Punggol Drive/Blk 676/Deck 2,1.405261,103.91019,676 Punggol Drive,820676
geylang-circuitroad-blk17-deck2a,Geylang/Circuit Road/Blk 17/Deck 2A,1.329583,103.888298,17 Circuit Road,370017
clementi-clementiweststreet1-blk602,Clementi/Clementi West Street 1/Blk 602,1.304373,103.766838,Blk 602 Clementi West Street 1,120601
marineparade-marinedrive-blk65a-deck1,Marine Parade/Marine Drive/Blk 65A/Deck 1,1.302872,103.90992,65A Marine Drive,441065
jurongwest-boonlaydrive-blk188,Jurong West/Boon Lay Drive/Blk 188,1.344062,103.711245,188 Boon Lay Drive,640188
jurongeast-pandangardens-blk414,Jurong East/Pandan Gardens/Blk 414,1.319852,103.747609,414 Pandan Gardens,600414
bukittimah-tohyidrive-blk5,Bukit Timah/Toh Yi Drive/Blk 5,1.338165,103.775112,Blk 1/19 Toh Yi Drive,591501
hougang-hougangavenue8-blk436,Hougang/Hougang Avenue 8/Blk 436,1.377398,103.8939,436 Hougang Avenue 8,530436
choachukang-choachukangavenue5-blk486a-deck2b,Choa Chu Kang/Choa Chu Kang Avenue 5/Blk 486A/Deck 2B,1.375141,103.73838,486A Choa Chu Kang Avenue 5,681486
bedok-chaicheeavenue-blk37,Bedok/Chai Chee Avenue/Blk 37,1.325325,103.925817,37 Chai Chee Avenue,461037
tampines-tampinesstreet22-blk274,Tampines/Tampines Street 22/Blk 274,1.348438,103.950524,Blk 272/275 Tampines Street 22,520275
kallang-geylangbahru-blk73,Kallang/Geylang Bahru/Blk 73,1.322514,103.870862,73 Geylang Bahru,330073
bukitmerah-jalanbukitmerah-blk28,Bukit Merah/Jalan Bukit Merah/Blk 28,1.28625,103.809979,28 Jalan Bukit Merah,152028
clementi-westcoastdrive-blk501,Clementi/West Coast Drive/Blk 501,1.311329,103.75908,501 West Coast Drive,120503
choachukang-teckwhyelane-blk110,Choa Chu Kang/Teck Whye Lane/Blk 110,1.378033,103.75166,110 Teck Whye Lane,680110
punggol-edgefieldplains-blk670-deck2b,Punggol/Edgefield Plains/Blk 670/Deck 2B,1.405832,103.913198,670 Edgefield Plains,820670
woodlands-marsilingdrive-blk34a-deck1a,Woodlands/Marsiling Drive/Blk 34A/Deck 1A,1.444603,103.772238,34A Marsiling Drive,731034
woodlands-woodlandsdrive70-blk709a-deck1b,Woodlands/Woodlands Drive 70/Blk 709A/Deck 1B,1.441065,103.798087,709A Woodlands Drive 70,731709
bukitpanjang-senjaroad-blk636-deck1a,Bukit Panjang/Senja Road/Blk 636/Deck 1A,1.38713,103.758408,636 Senja Road,670636
bukitmerah-bukitmerahcentral-blk119-deck1a,Bukit Merah/Bukit Merah Central/Blk 119/Deck 1A,1.282586,103.816794,119 Bukit Merah Central,150119
angmokio-angmokioavenue10-blk544,Ang Mo Kio/Ang Mo Kio Avenue 10/Blk 544,1.373765,103.856048,540/546 Ang Mo Kio Avenue 10,560540
bukitmerah-bukitmerahview-blk129a-deck2a,Bukit Merah/Bukit Merah View/Blk 129A/Deck 2A,1.283532,103.823372,129A Bukit Merah View,151129
jurongeast-tohguanroad-blk285e-deck2a,Jurong East/Toh Guan Road/Blk 285E/Deck 2A,1.337589,103.746921,285E Toh Guan Road,605285
kallang-upperboonkengroad-blk8-deck1a,Kallang/Upper Boon Keng Road/Blk 8/Deck 1A,1.313359,103.870666,8 Upper Boon Keng Road,380008
tampines-tampinesstreet21-blk202a-deck1a,Tampines/Tampines Street 21/Blk 202A/Deck 1A,1.353352,103.952211,202A Tampines Street 21,521202
kallang-bendemeerroad-blk39-deck1a,Kallang/Bendemeer Road/Blk 39/Deck 1A,1.320808,103.866182,39 Bendemeer Road,330039
pasirris-pasirrisstreet71-blk747a-deck2a,Pasir Ris/Pasir Ris Street 71/Blk 747A/Deck 2A,1.378748,103.934078,747A Pasir Ris Street 71,511747
bukittimah-queensroad-blk4-deck1a,Bukit Timah/Queens Road/Blk 4/Deck 1A,1.318738,103.808169,3 Queen's Road,260003
geylang-cassiacrescent-blk56a-deck1a,Geylang/Cassia Crescent/Blk 56A/Deck 1A,1.310085,103.88389,56A Cassia Crescent,392056
bukitbatok-bukitbatokeastavenue6-blk292-deck2a,Bukit Batok/Bukit Batok East Avenue 6/Blk 292/Deck 2A,1.344479,103.755356,292 Bukit Batok East Avenue 6,650292
bukitmerah-kimtianroad-blk126-deck1a,Bukit Merah/Kim Tian Road/Blk 126/Deck 1A,1.282619,103.829378,126 Kim Tian Road,160126
bukitmerah-havelockroad-blk51-deck2b,Bukit Merah/Havelock Road/Blk 51/Deck 2B,1.290048,103.827468,51 Havelock Road,161051
hougang-hougangstreet61-blk688,Hougang/Hougang Street 61/Blk 688,1.37595,103.885492,Blk 685/691 Hougang Street 61,530685
yishun-yishunavenue3-blk769,Yishun/Yishun Avenue 3/Blk 769,1.424284,103.833346,773 Yishun Avenue 3,760773
bukitbatok-bukitbatokstreet31-blk307,Bukit Batok/Bukit Batok Street 31/Blk 307,1.358056,103.748348,301/309 Bukit Batok Street 31,650301
bukitmerah-telokblangahheights-blk70-deck1a,Bukit Merah/Telok Blangah Heights/Blk 70/Deck 1A,1.276491,103.810936,70 Telok Blangah Heights,100070
punggol-punggolcentral-blk650-deck1,Punggol/Punggol Central/Blk 650/Deck 1,1.39716,103.9151,650 Punggol Central,820650
tampines-simeistreet4-blk233,Tampines/Simei Street 4/Blk 233,1.344043,103.956347,221/235 Simei Street 4,520221
tampines-tampinesstreet81-blk823a-deck2a,Tampines/Tampines Street 81/Blk 823A/Deck 2A,1.348868,103.933418,823A Tampines Street 81,521823
jurongwest-boonlaydrive-blk268-deck1a,Jurong West/Boon Lay Drive/Blk 268/Deck 1A,1.348048,103.707724,268 Boon Lay Drive,640268
yishun-yishunstreet11-blk132,Yishun/Yishun Street 11/Blk 132,1.432989,103.831866,132 Yishun Street 11,760132
pasirris-pasirrisdrive1-blk530-deck2a,Pasir Ris/Pasir Ris Drive 1/Blk 530/Deck 2A,1.371297,103.949451,530 Pasir Ris Drive 1,510530
bukitpanjang-bukitpanjangringroad-blk541a-deck1b,Bukit Panjang/Bukit Panjang Ring Road/Blk 541A/Deck 1B,1.382666,103.76305,541A Bukit Panjang Ring Road,671541
bedok-bedoknorthstreet2-blk129,Bedok/Bedok North Street 2/Blk 129,1.327761,103.93846,129 Bedok North Street 2,460129
yishun-yishunringroad-blk809,Yishun/Yishun Ring Road/Blk 809,1.416833,103.83048,800-812 Yishun Ring Road,760806
pasirris-pasirrisstreet11-blk142a-deck2a,Pasir Ris/Pasir Ris Street 11/Blk 142A/Deck 2A,1.362877,103.959842,142A Pasir Ris Street 11,511142
bedok-chaicheeroad-blk807-deck1b,Bedok/Chai Chee Road/Blk 807/Deck 1B,1.327365,103.922862,807 Chai Chee Road,460807
punggol-edgefieldplains-blk119-deck1a,Punggol/Edgefield Plains/Blk 119/Deck 1A,1.395461,103.906424,119 Edgefield Plains,820119
central-orchardroad-plazasingapura-deck4,Central/Orchard Road/Plaza Singapura/Deck 4,1.300802,103.845078,68 Orchard Road,238839
tampines-tampinesstreet71-blk730a-deck1b,Tampines/Tampines Street 71/Blk 730A/Deck 1B,1.357569,103.933658,730A Tampines Street 71,521730
bukitbatok-bukitbatokwestavenue8-blk440-deck2b,Bukit Batok/Bukit Batok West Avenue 8/Blk 440/Deck 2B,1.355694,103.739325,440 Bukit Batok West Avenue 8,650440
kallang-farrerparkroad-blk14a-deck2a,Kallang/Farrer Park Road/Blk 14A/Deck 2A,1.312025,103.85209,14A Farrer Park Road,211014
jurongwest-jurongweststreet93-blk986-deck1a,Jurong West/Jurong West Street 93/Blk 986/Deck 1A,1.337105,103.694607,986 Jurong West Street 93,640986
pasirris-pasirrisdrive6-blk473a-deck1a,Pasir Ris/Pasir Ris Drive 6/Blk 473A/Deck 1A,1.374253,103.956593,473A Pasir Ris Drive 6,511473
geylang-eunoscrescent-blk31a-deck1a,Geylang/Eunos Crescent/Blk 31A/Deck 1A,1.320225,103.9017609,31A Eunos Crescent,401031
hougang-hougangavenue8-blk618,Hougang/Hougang Avenue 8/Blk 618,1.369879,103.884244,Blk 609-621 Hougang Avenue 8,530614
clementi-westcoastroad-blk708,Clementi/West Coast Road/Blk 708,1.306052,103.761812,704-714 West Coast Road,120704
geylang-eunoscrescent-blk12,Geylang/Eunos Crescent/Blk 12,1.322604,103.905011,12 Eunos Crescent,400012
bedok-bedoksouthavenue3-behindblk69,Bedok/Bedok South Avenue 3/Behind Blk 69,1.319455,103.943098,69 Bedok South Avenue 3,460069
whampoa-3jalanampas-besideshawplaza,Whampoa/3 Jalan Ampas/Beside Shaw Plaza,1.325382,103.850772,3 Jalan Ampas,329802
tampines-tampineswalk-ourtampineshub-deckb1,Tampines/Tampines Walk/Our Tampines Hub/Deck B1,1.353227,103.940773,1 Tampines Walk,528523
choachukang-choachukangavenue4-lotone-deckb2,Choa Chu Kang/Choa Chu Kang Avenue 4/Lot one/Deck B2,1.38525,103.744922,21 Choa Chu Kang Avenue 4,689812
kembangan-21jalanmasjid-besidekembanganplaza,Kembangan/21 Jalan Masjid/Beside Kembangan Plaza,1.320397,103.912296,21 Jalan Masjid,418946
sengkang-rivervalecrescent-blk160-deck1,Sengkang/Rivervale Crescent/Blk 160/Deck 1,1.387305,103.90765,160 Rivervale Crescent,540160
tampines-4tampinescentral5-tampinesmall-deckb2,Tampines/4 Tampines Central 5/Tampines Mall/Deck B2,1.352467,103.945251,4 Tampines Central 5,529510
marineparade-139tembelingroad-oppositeshophouseno134,Marine Parade/139 Tembeling Road/Opposite Shophouse No.134,1.310655,103.902756,139 Tembeling Road,423648
bukitbatok-bukitbatokwestavenue7-blk404a-deck2b,Bukit Batok/Bukit Batok West Avenue 7/Blk 404A/Deck 2B,1.365462,103.745317,404A Bukit Batok West Avenue 7,651404
hougang-upperserangoonroad-blk364-deck1b,Hougang/Upper Serangoon Road/Blk 364/Deck 1B,1.370671,103.896745,364 Upper Serangoon Road,530364
hougang-hougangstreet32-blk376-deck2b,Hougang/Hougang Street 32/Blk 376/Deck 2B,1.36371,103.89408,376 Hougang Street 32,530376
bedok-bedokreservoirroad-blk739a-deck2,Bedok/Bedok Reservoir Road/Blk 739A/Deck 2,1.338203,103.923594,739A Bedok Reservoir Road,471739
bukitbatok-bukitbatokstreet52-blk537,Bukit Batok/Bukit Batok Street 52/Blk 537,1.355013,103.751187,537 Bukit Batok Street 52,650537
bedok-bedoknorthavenue2-blk515,Bedok/Bedok North Avenue 2/Blk 515,1.332295,103.929747,512-518 Bedok North Avenue 2,460554
jurongeast-8jurongtownhallroad-jtcsummit-deckb2,Jurong East/8 Jurong Town Hall Road/JTC Summit/Deck B2,1.33115,103.74184,8 Jurong Town Hall Road,609434
hougang-hougangstreet11-blk159a-deck1,Hougang/Hougang Street 11/Blk 159A/Deck 1,1.351926,103.879594,159A Hougang Street 11,531159
angmokio-angmokioavenue9-blk627,Ang Mo Kio/Ang Mo Kio Avenue 9/Blk 627,1.382052,103.841393,627 Ang Mo Kio Avenue 9,560627
hougang-hougangstreet21-blk205nearheartlandmall,Hougang/Hougang Street 21/Blk 205 (Near Heartland Mall),1.360295,103.885855,205 Hougang Street 21,530205
punggol-punggolplace-blk273-deck1,Punggol/Punggol Place/Blk 273/Deck 1,1.402703,103.901963,273 Punggol Place,820273
hougang-hougangavenue1-blk118,Hougang/Hougang Avenue 1/Blk 118,1.353316,103.887365,109-127 Hougang Avenue 1,530109
toapayoh-toapayohlorong2-blk141a-deck2a,Toa Payoh/Toa Payoh Lorong 2/Blk 141A/Deck 2A,1.335211,103.84559,141A Lorong 2 Toa Payoh,310141
jurongeast-jurongeaststreet21-blk230,Jurong East/Jurong East Street 21/Blk 230,1.341813,103.737565,215-230 Jurong East Street 21,600231
tampines-tampinesstreet91-blk921a-deck1a,Tampines/Tampines Street 91/Blk 921A/Deck 1A,1.347284,103.941371,921A Tampines Street 91,521921
bedok-bedokreservoircrescent-blk748-deckb1,Bedok/Bedok Reservoir Crescent/Blk 748/Deck B1,1.336105,103.921843,748 Bedok Reservoir Crescent,470748
angmokio-angmokioavenue6-blk123,Ang Mo Kio/Ang Mo Kio Avenue 6/Blk 123,1.370392,103.844376,123 Ang Mo Kio Avenue 6,560123
queenstown-meilingstreet-blk161a-deck1a,Queenstown/Mei Ling Street/Blk 161A/Deck 1A,1.292196,103.80346,161A Mei Ling Street,141161
woodlands-woodlanddrive52-blk626a-deck2a,Woodlands/Woodland Drive 52/Blk 626A/Deck 2A,1.434112,103.800276,626A Woodlands Drive 52,731626
bedok-bedokreservoirroad-blk613c-deck2a,Bedok/Bedok Reservoir Road/Blk 613C/Deck 2A,1.333199,103.917575,613C Bedok Reservoir Road,473613
clementi-clementiavenue2-blk334-besidecaltex,Clementi/Clementi Avenue 2/Blk 334/Beside Caltex,1.314724,103.768296,334 Clementi Avenue 2,120334
jurongwest-jurongweststreet81-blk854a-deck1a,Jurong West/Jurong West Street 81/Blk 854A/Deck 1A,1.347775,103.696495,854A Jurong West Street 81,641854
bukitmerah-depotroad-blk104c-deck2a,Bukit Merah/Depot Road/Blk 104C/Deck 2A,1.280624,103.811561,104C Depot Road,103104
bukitbatok-bukitbatokstreet34-blk346,Bukit Batok/Bukit Batok Street 34/Blk 346,1.362466,103.750963,346 Bukit Batok Street 34,650346
tampines-tampinesstreet83-blk851,Tampines/Tampines Street 83/Blk 851,1.353051,103.935061,851 Tampines Street 83,520851
marineparade-marineterrace-blk59,Marine Parade/Marine Terrace/Blk 59,1.305782,103.914158,59 Marine Terrace,440059
jurongeast-westgate-deckb2-lobbyb,Jurong East/Westgate/Deck B2/Lobby B,1.33428,103.742856,3 Gateway Drive,608532
kallang-mcnairroad-blk113-deck1b,Kallang/Mcnair Road/Blk 113/Deck 1B,1.321472,103.859992,113 McNair Road,321113
serangoon-upperserangoonview-blk476-deck3,Serangoon/Upper Serangoon View/Blk 476/Deck 3,1.37738,103.903721,476 Upper Serangoon View,530476
yishun-yishunavenue11-blk347-storey1a,Yishun/Yishun Avenue 11/Blk 347/Storey 1A,1.427679,103.842979,347 Yishun Avenue 11,760347
sentosa-50beachview-basement-beachstationnearbeachstationescalator,Sentosa/50 Beach View/Basement/Beach Station(Near Beach Station Escalator),1.251171,103.819188,50 Beach View,98604
bishan-bishanstreet13-blk186,Bishan/Bishan Street 13/Blk 186,1.349585,103.852838,186 Bishan Street 13,570186
geylang-ubiavenue1-blk326,Geylang/Ubi Avenue 1/Blk 326,1.327319,103.904146,326 Ubi Avenue 1,400326
geylang-52simsplace-alongsimsplace,Geylang/52 Sims Place/Along Sims Place,1.316531,103.880106,52 Sims Place,380052
marineparade-across343telokkarauroad-besidestpatrickscourt,Marine Parade/Across 343 Telok Karau Road/Beside St'Patrick's Court,1.308605,103.912432,Across 343 Telok Kurau Road,423870
jurongwest-jurongweststreet24-blk271-deck1b,Jurong West/Jurong West Street 24/Blk 271/Deck 1B,1.3508141,103.7040753,271 Jurong West Street 24,640271
punggol-sumanglane-blk233-deck1,Punggol/Sumang Lane/Blk 233/Deck 1,1.401304,103.891288,233 Sumang Lane,820233
jurongwest-jurongweststreet73-blk734a-deck1b,Jurong West/Jurong West Street 73/Blk 734A/Deck 1B,1.345607,103.700915,734A Jurong West Street 73,641734
toapayoh-kimkeatavenue3-blk260-deck2a,Toa Payoh/Kim Keat Avenue 3/Blk 260/Deck 2A,1.332086,103.857486,260 Kim Keat Avenue,310260
woodlands-woodlandavenue6-blk693-deck2b,Woodlands/Woodland Avenue 6/Blk 693/Deck 2B,1.438091,103.803754,693 Woodlands Avenue 6,730693
woodlands-woodlanddrive50-blk892c-deck2a,Woodlands/Woodland Drive 50/Blk 892C/Deck 2A,1.436824,103.78945,892C Woodlands Drive 50,732892
central-109northbridgeroad-funanmall-basement3-liftlobbyb,Central/109 North Bridge Road/Funan Mall/Basement 3/Lift Lobby B,1.291599,103.849823,109 North Bridge Road,179097
jurongwest-jurongweststreet64-blk684-deck1,Jurong West/Jurong West Street 64/Blk 684/Deck 1,1.344321,103.703856,684 Jurong West Street 64,640684
hougang-hougangstreet92-blk941a-deck1a,Hougang/Hougang Street 92/Blk 941A/Deck 1A,1.374287,103.87912,941A Hougang Street 92,531941
jurongwest-jurongweststreet91-blk903,Jurong West/Jurong West Street 91/Blk 903,1.339625,103.686256,903 Jurong West Street 91,640903
toapayoh-potongpasiravenue1-blk117,Toa Payoh/Potong Pasir Avenue 1/Blk 117,1.336558,103.863104,117 Potong Pasir Avenue 1,350117
pasirris-pasirrisstreet71-blk773a-deck2b,Pasir Ris/Pasir Ris Street 71/Blk 773A/Deck 2B,1.374638,103.935842,773A Pasir Ris Street 71,511773
woodlands-woodlandrise-blk785-deck2b,Woodlands/Woodland Rise/Blk 785/Deck 2B,1.447049,103.805007,785 Woodlands Rise,730785
pasirris-pasirrisdrive4-blk231a-deck1b,Pasir Ris/Pasir Ris Drive 4/Blk 231A/Deck 1B,1.374171,103.961435,231A Pasir Ris Drive 4,511231
jurongwest-kangchingroad-blk346a-deck1b,Jurong West/Kang Ching Road/Blk 346A/Deck 1B,1.340133,103.720221,346A Kang Ching Road,611346
yishun-yishunringroad-blk676-deck2a,Yishun/Yishun Ring Road/Blk 676/Deck 2A,1.421641,103.841868,676 Yishun Ring Road,760676
yishun-yishunstreet51-blk501-deck1a,Yishun/Yishun Street 51/Blk 501/Deck 1A,1.416572,103.840604,501 Yishun Street 51,760501
bukitbatok-bukitbatokwestavenue5-blk395a-deck3b,Bukit Batok/Bukit Batok West Avenue 5/Blk 395A/Deck 3B,1.3643,103.752021,395A Bukit Batok West Avenue 5,651395
punggol-punggolwalk-blk213-deck1a,Punggol/Punggol Walk/Blk 213/Deck 1A,1.400134,103.898428,213 Punggol Walk,820213
punggol-punggolcentral-blk301-deck2b,Punggol/Punggol Central/Blk 301/Deck 2B,1.403648,103.906146,301 Punggol Central,820301
yishun-yishunringroad-blk165,Yishun/Yishun Ring Road/Blk 165,1.4355487,103.8320274,165 Yishun Ring Road,760165
central-1esplanadedrive-basement1-liftlobbyb,Central/1 Esplanade Drive/Basement 1/Lift Lobby B,1.289691,103.85577,1 Esplanade Drive,38981
hougang-hougangavenue2-blk707,Hougang/Hougang Avenue 2/Blk 707,1.366507,103.888389,707 Hougang Avenue 2,530707
bedok-bedokreservoirroad-blk609,Bedok/Bedok Reservoir Road/Blk 609,1.33135,103.912391,609 Bedok Reservoir Road,470609
jurongeast-jurongeaststreet13-blk116,Jurong East/Jurong East Street 13/Blk 116,1.339583,103.734451,116 Jurong East Street 13,600116
geylang-circuitroad-blk31a-deck1b,Geylang/Circuit Road/Blk 31A/Deck 1B,1.329186,103.885573,31A Circuit Road,379497
sembawang-sembawangdrive-blk463-deck2a,Sembawang/Sembawang Drive/Blk 463/Deck 2A,1.455575,103.814685,463 Sembawang Drive,750463
bukitbatok-bukitbatokeastavenue5-blk241a-deck1a,Bukit Batok/Bukit Batok East Avenue 5/Blk 241A/Deck 1A,1.350931,103.755227,241A Bukit Batok East Avenue 5,651241
sentosa-1coveavenue-sentosacove-blkb-level2,Sentosa/1 Cove Avenue/Sentosa Cove/Blk B/Level 2,1.247741,103.840256,"1 Cove Avenue, Sentosa Cove",98537
bishan-bishanstreet13-blk514-level3,Bishan/Bishan Street 13/Blk 514/Level 3,1.350164,103.849647,514 Bishan Street 13,570514
sengkang-compassvalelink-blk267-deck1a,Sengkang/Compassvale Link/Blk 267/Deck 1A,1.383762,103.897028,267 Compassvale Link,540267
sengkang-sengkangeastroad-blk201-deck1b,Sengkang/Sengkang East Road/Blk 201/Deck 1B,1.388419,103.892373,201 Sengkang East Road,540201
pasirris-pasirrisstreet21-blk245a-deck2a,Pasir Ris/Pasir Ris Street 21/Blk 245A/Deck 2A,1.370911,103.963417,245A Pasir Ris Street 21,511245
pasirris-pasirrisdrive3-blk631a-deck1a,Pasir Ris/Pasir Ris Drive 3/Blk 631A/Deck 1A,1.379375,103.940215,631A Pasir Ris Drive 3,511631
punggol-edgedaleplains-blk682-deck1a,Punggol/Edgedale Plains/Blk 682/Deck 1A,1.403941,103.915844,682 Edgedale Plains,820682
central-3erivervalleyroad-clarkquayblke-level3,Central/3E River Valley Road/Clark Quay Blk E/Level 3,1.290715,103.846146,3E River Valley Road,179024
hougang-hougangstreet31-blk373a-deckb1b,Hougang/Hougang Street 31/Blk 373A/Deck B1B,1.362366,103.890053,373A Hougang Street 31,531373
sengkang-rivervalecrescent-blk184-deck1b,Sengkang/Rivervale Crescent/Blk 184/Deck 1B,1.39209,103.908205,184 Rivervale Crescent,540184
yishun-yishunringroad-blk307-deck2a,Yishun/Yishun Ring Road/Blk 307/Deck 2A,1.430843,103.840951,307 Yishun Ring Road,760307
clementi-clementiavenue4-blk312-deck1b,Clementi/Clementi Avenue 4/Blk 312/Deck 1B,1.319651,103.764444,312 Clementi Avenue 4,120312
pasirris-pasirrisdrive6-blk417,Pasir Ris/Pasir Ris Drive 6/Blk 417,1.372102,103.955033,417 Pasir Ris Drive 6,510417
central-146prinsepstreet-oppositeburlingtonsquare,Central/146 Prinsep Street/Opposite Burlington Square,1.302834,103.852194,146 Prinsep Street,188658
woodland-woodlandavenue4-blk614a-deck2a,Woodland/Woodland Avenue 4/Blk 614A/Deck 2A,1.434854,103.795957,614A Woodlands Avenue 4,731614
serangoon-serangoonavenue4-blk212,Serangoon/Serangoon Avenue 4/Blk 212,1.356934,103.873229,212 Serangoon Avenue 4,550212
jurongwest-jurongweststreet25-blk276-deck2a,Jurong West/Jurong West Street 25/Blk 276/Deck 2A,1.35377,103.703214,276 Jurong West Street 25,640276
hougang-hougangavenue1-blk172a-deck1a,Hougang/Hougang Avenue 1/Blk 172A/Deck 1A,1.350686,103.889005,172A Hougang Avenue 1,531172
sengkang-rivervaledrive-blk117d-deck1b,Sengkang/Rivervale Drive/Blk 117D/Deck 1B,1.382819,103.90311,117D Rivervale Drive,544117
sengkang-anchorvalestreet-blk329-deck1a,Sengkang/Anchorvale Street/Blk 329/Deck 1A,1.39634,103.889296,329 Anchorvale Street,540329
hougang-hougangavenue9-blk966a-deck1a,Hougang/Hougang Avenue 9/Blk 966A/Deck 1A,1.377891,103.877869,966A Hougang Avenue 9,531966
choachukang-choachukangcrescent-blk668a-deck2a,Choa Chu Kang/Choa Chu Kang Crescent/Blk 668A/Deck 2A,1.40154,103.75027,668A Choa Chu Kang Crescent,681668
angmokio-angmokioavenue4-blk114,Ang Mo Kio/Ang Mo Kio Avenue 4/Blk 114,1.372293,103.836312,114 Ang Mo Kio Avenue 4,560114
choachukang-choachukangstreet51-blk502a-deck1b,Choa Chu Kang/Choa Chu Kang Street 51/Blk 502A/Deck 1B,1.388849,103.74302,502A Choa Chu Kang Street 51,681502
choachukang-choachukangnorth6-blk792a-deck1a,Choa Chu Kang/Choa Chu Kang North 6/Blk 792A/Deck 1A,1.395383,103.74949,792A Choa Chu Kang North 6,681792
choachukang-choachukangcrescent-blk678a-deck1b,Choa Chu Kang/Choa Chu Kang Crescent/Blk 678A/Deck 1B,1.401978,103.74481,678A Choa Chu Kang Crescent,681678
geylang-aljuniedcrescent-blk104,Geylang/Aljunied Crescent/Blk 104,1.319996,103.883203,104 Aljunied Crescent,380104
kallang-cambridgeroad-blk43oppositentuc,Kallang/Cambridge Road/Blk 43 (Opposite NTUC),1.314899,103.849479,43 Cambridge Road,210043
bukitbatok-bukitbatokwestavenue6-blk102,Bukit Batok/Bukit Batok West Avenue 6/Blk 102,1.347412,103.747634,102 Bukit Batok West Avenue 6,650102
jurongeast-jurongeaststreet21-blk232,Jurong East/Jurong East Street 21/Blk 232,1.339759,103.741013,232 Jurong East Street 21,600232
choachukang-choachukangnorth7-deck2a-blk621a,Choa Chu Kang/Choa Chu Kang North 7/Deck 2A/Blk 621A,1.399571,103.747491,621A Choa Chu Kang North 7,681621
choachukang-choachukangcentral-deck2b-blk227a,Choa Chu Kang/Choa Chu Kang Central/Deck 2B/Blk 227A,1.380552,103.745441,227A Choa Chu Kang Central,681227
hougang-hougangcentral-deck2a-blk838a,Hougang/Hougang Central/Deck 2A/Blk 838A,1.370024,103.891881,838A Hougang Central,531838
kallang-bendemeerroad-blk10-deck1a,Kallang/Bendemeer Road/Blk 10/Deck 1A,1.315203,103.860333,10 Bendemeer Road,330010
hougang-buangkokcrescent-blk997-deck2a,Hougang/Buangkok Crescent/Blk 997/Deck 2A,1.385446,103.880711,997 Buangkok Crescent,530997
angmokio-angmokioavenue4-blk110,Ang Mo Kio/Ang Mo Kio Avenue 4/Blk 110,1.370557,103.837923,110 Ang Mo Kio Avenue 4,560110
angmokio-angmokioavenue5-blk605,Ang Mo Kio/Ang Mo Kio Avenue 5/Blk 605,1.37925,103.836079,605 Ang Mo Kio Avenue 5,560605
yishun-yishunringroad-blk781,Yishun/Yishun Ring Road/Blk 781,1.422343,103.832121,781 Yishun Ring Road,760781
bukitmerah-telokblangahstreet31-blk90-deck1b,Bukit Merah/Telok Blangah Street 31/Blk 90/Deck 1B,1.277387,103.807236,90 Telok Blangah Street 31,100090
jurongwest-yuanchingroad-blk138-deck1a,Jurong West/Yuan Ching Road/Blk 138/Deck 1A,1.3277221,103.723414,138 Yuan Ching Road,610138
geylang-ubiavenue1-blk349,Geylang/Ubi Avenue 1/Blk 349,1.325963,103.900892,349 Ubi Avenue 1,400349
woodlands-woodlandsavenue5-blk358a-deck2a,Woodlands/Woodlands Avenue 5/Blk 358A/Deck 2A,1.433248,103.784014,358A Woodlands Avenue 5,731358
queenstown-stirlingroad-blk171a-deck1,Queenstown/Stirling Road/Blk 171A/Deck 1,1.290027,103.803701,171A Stirling Road,141171
tampines-tampinesstreet21-blk269,Tampines/Tampines Street 21/Blk 269,1.350578,103.947646,269 Tampines Street 21,520269
angmokio-angmokioavenue6-blk647,Ang Mo Kio/Ang Mo Kio Avenue 6/Blk 647,1.378898,103.843833,647 Ang Mo Kio Avenue 6,560647
tampines-simeiroad-blk155,Tampines/Simei Road/Blk 155,1.344756,103.958393,155 Simei Road,520155
bukittimah-170upperbukittimahroadinfrontbukittimahshoppingcentre,Bukit Timah/170 Upper Bukit Timah Road (Infront Bukit Timah Shopping Centre),1.343312,103.775637,170 Upper Bukit Timah Road,588179
hougang-hougangavenue6-blk524,Hougang/Hougang Avenue 6/Blk 524,1.373931,103.890352,524 Hougang Avenue 6,530524
angmokio-angmokioavenue10-blk449,Ang Mo Kio/Ang Mo Kio Avenue 10/Blk 449,1.36805,103.8558,449 Ang Mo Kio Avenue 10,560449
woodlands-woodlandsavenue1-blk371a-deck1b,Woodlands/Woodlands Avenue 1/Blk 371A/Deck 1B,1.432869,103.786504,371A Woodlands Avenue 1,731371
kallang-saintgeorgeslane-blk26-deck2a,Kallang/Saint George's Lane/Blk 26/Deck 2A,1.322084,103.862785,26 Saint George's Lane,320026
yishun-yishunstreet21-blk220,Yishun/Yishun Street 21/Blk 220,1.433137,103.835685,220 Yishun Street 21,760220
kallang-mcnairroad-blk122,Kallang/Mcnair Road/Blk 122,1.318764,103.857287,122 Mcnair Road,320122
woodlands-woodlandsstreet13-blk182-deck3b,Woodlands/Woodlands Street 13/Blk 182/Deck 3B,1.435225,103.776005,182 Woodlands Street 13,730182
bukitpanjang-senjalink-blk651a-deck1,Bukit Panjang/Senja Link/Blk 651A/Deck 1,1.386964,103.764451,651A Senja Link,671651
sengkang-sengkangwestavenue-blk439-deck2a,Sengkang/Sengkang West Avenue/Blk 439/Deck 2A,1.392184,103.87758,439 Sengkang West Avenue,790439
bukitbatok-bukitbatokwestavenue6-blk194-deck2a,Bukit Batok/Bukit Batok West Avenue 6/Blk 194/Deck 2A,1.344765,103.745535,194 Bukit Batok West Avenue 6,650194
bukitpanjang-segarroad-blk476a-deck1,Bukit Panjang/Segar Road/Blk 476A/Deck 1,1.389109,103.773537,476A Segar Road,671476
geylang-circuitroad-blk82-deck2a,Geylang/Circuit Road/Blk 82/Deck 2A,1.324356,103.890261,82 Circuit Road,370082
woodlands-woodlandscircle-blk766a-deck1a,Woodlands/Woodlands Circle/Blk 766A/Deck 1A,1.44579,103.797391,766A Woodlands Circle,731766
bedok-bedoknorthstreet3-blk534,Bedok/Bedok North Street 3/Blk 534,1.333285,103.92394,534 Bedok North Street 3,460534
tampines-tampinesavenue9-blk601-level1,Tampines/Tampines Avenue 9/Blk 601/Level 1,1.361081,103.9365,601 Tampines Avenue 9,520601
tampines-tampinesstreet44-blk475-deck2a,Tampines/Tampines Street 44/Blk 475/Deck 2A,1.360381,103.953129,475 Tampines Street 44,520475
tampines-tampinesstreet72-blk742a-deck1a,Tampines/Tampines Street 72/Blk 742A/Deck 1A,1.359905,103.934176,742A Tampines Street 72,521742
sengkang-rivervalewalk-blk102a-deck2a,Sengkang/Rivervale Walk/Blk 102A/Deck 2A,1.382212,103.900006,102A Rivervale Walk,541102
sengkang-compassvalecrescent-blk293-deck2a,Sengkang/Compassvale Crescent/Blk 293/Deck 2A,1.396379,103.895316,293 Compassvale Crescent,540293
sengkang-compassvalecrescent-blk295-deck1a,Sengkang/Compassvale Crescent/Blk 295/Deck 1A,1.397646,103.898795,295 Compassvale Crescent,540295
sengkang-compassvaleroad-blk256a-deck1b,Sengkang/Compassvale Road/Blk 256A/Deck 1B,1.393647,103.899491,256A Compassvale Road,541256
bedok-bedokreservoirroad-blk145a-deck1a,Bedok/Bedok Reservoir Road/Blk 145A/Deck 1A,1.334281,103.91138,145A Bedok Reservoir Road,411145
queenstown-commonwealthdrive-blk117besideblk117openspacecarpark,Queenstown/Commonwealth Drive/Blk 117 (Beside Blk 117 Open Space Carpark),1.306972,103.799566,117 Commonwealth Drive,140117
bukitmerah-lengkokbahru-blk64-deckb2b,Bukit Merah/Lengkok Bahru/Blk 64/Deck B2B,1.289473,103.815131,64 Lengkok Bahru,150064
tampines-tampinesstreet34-blk364a-deck1b,Tampines/Tampines Street 34/Blk 364A/Deck 1B,1.357323,103.959286,364A Tampines Street 34,521364
kallang-jalanrajah-blk103,Kallang/Jalan Rajah/Blk 103,1.327411,103.852514,103 Jalan Rajah,321103
bukitpanjang-bukitpanjangringroad-blk449a-deck2b,Bukit Panjang/Bukit Panjang Ring Road/Blk 449A/Deck 2B,1.383897,103.772754,449A Bukit Panjang Ring Road,671449
queenstown-hollandclose-blk5a-deck3a,Queenstown/Holland Close/Blk 5A/Deck 3A,1.308861,103.796213,5A Holland Close,271005
bukitpanjang-gangsaroad-blk152a-deck2a,Bukit Panjang/Gangsa Road/Blk 152A/Deck 2A,1.37553,103.765424,152A Gangsa Road,671152
bukitbatok-bukitbatokstreet33-blk319,Bukit Batok/Bukit Batok Street 33/Blk 319,1.361125,103.746545,319 Bukit Batok Street 33,650319
novena-tantocksenghospital-basement4-nearliftlobbyd,Novena/Tan Tock Seng Hospital/Basement 4/Near Lift Lobby D,1.321282,103.84588,11 Jalan Tan Tock Seng,308433
angmokio-angmokioavenue8-blk510,Ang Mo Kio/Ang Mo Kio Avenue 8/Blk 510,1.373288,103.849485,510 Ang Mo Kio Avenue 8,560510
angmokio-angmokioavenue10-blk559,Ang Mo Kio/Ang Mo Kio Avenue 10/Blk 559,1.371022,103.857277,559 Ang Mo Kio Avenue 10,560559
bukitpanjang-fajarroad-blk422a-deck3a,Bukit Panjang/Fajar Road/Blk 422A/Deck 3A,1.38509,103.769637,422A Fajar Road,671422
bishan-bishanstreet12-blk112,Bishan/Bishan Street 12/Blk 112,1.346756,103.848871,112 Bishan Street 12,570112
geylang-ubiavenue1-blk316,Geylang/Ubi Avenue 1/Blk 316,1.32959,103.902736,316 Ubi Avenue 1,400316
sengkang-fernvalestreet-blk472-deck1a,Sengkang/Fernvale Street/Blk 472/Deck 1A,1.396952,103.881727,472 Fernvale Street,790472
sengkang-fernvalelink-blk468-deck2a,Sengkang/Fernvale Link/Blk 468/Deck 2A,1.39663,103.878221,468 Fernvale Link,790468
punggol-punggolcentral-blk166-deck1a,Punggol/Punggol Central/Blk 166/Deck 1A,1.394883,103.914993,166 Punggol Central,820166
pasirris-pasirrisstreet12-blk108a-deck1a,Pasir Ris/Pasir Ris Street 12/Blk 108A/Deck 1A,1.367987,103.956949,108A Pasir Ris Street 12,511108
yishun-yishunstreet51-blk513-deck2,Yishun/Yishun Street 51/Blk 513/Deck 2,1.415984,103.844221,513 Yishun Street 51,760513
woodlands-woodlandscircle-blk747a-deck1a,Woodlands/Woodlands Circle/Blk 747A/Deck 1A,1.443332,103.795599,747A Woodlands Circle,731747
kallang-saintgeorgesroad-blk22,Kallang/Saint George's Road/Blk 22,1.32537,103.862659,22 Saint George's Road,321022
punggol-edgedaleplains-blk172-deck1a,Punggol/Edgedale Plains/Blk 172/Deck 1A,1.39557,103.911788,172 Edgedale Plains,820172
bukitpanjang-petirroad-blk140,Bukit Panjang/Petir Road/Blk 140,1.375471,103.769068,140 Petir Road,670140
sengkang-compassvaleroad-blk203-deck1a,Sengkang/Compassvale Road/Blk 203/Deck 1A,1.387328,103.895393,203 Compassvale Road,540203
jurongeast-jurongeaststreet32-blk307,Jurong East/Jurong East Street 32/Blk 307,1.346612,103.734402,307 Jurong East Street 32,600307
changi-changiairportterminal2-carpark2b-level2m-liftlobby1,Changi/Changi Airport Terminal 2/Carpark 2B/Level 2M/Lift Lobby 1,1.358059,103.990089,"60 Airport Boulevard, Terminal 2",819643
bedok-chaicheestreet-blk53,Bedok/Chai Chee Street/Blk 53,1.328941,103.921295,53 Chai Chee Street,460053
serangoon-serangooncentral-blk410a-deck3a,Serangoon/Serangoon Central/Blk 410A/Deck 3A,1.348203,103.873591,410A Serangoon Central,551410
punggol-punggolfield-blk175-deck1b,Punggol/Punggol Field/Blk 175/Deck 1B,1.398065,103.908213,175 Punggol Field,820175
bedok-bedoknorthroad-blk425,Bedok/Bedok North Road/Blk 425,1.329159,103.92944,425 Bedok North Road,460425
yishun-yishunavenue11-blk426-deck1a,Yishun/Yishun Avenue 11/Blk 426/Deck 1A,1.422916,103.846085,426 Yishun Avenue 11,760426
tampines-tampinesstreet11-blk107,Tampines/Tampines Street 11/Blk 107,1.348142,103.947926,107 Tampines Street 11,521107
queenstown-ghimmohlink-blk24-deck1b,Queenstown/Ghim Moh Link/Blk 24/Deck 1B,1.308908,103.785607,24 Ghim Moh Link,270024
bedok-bedokreservoirroad-blk724,Bedok/Bedok Reservoir Road/Blk 724,1.336923,103.928574,724 Bedok Reservoir Road,470724
serangoon-serangoonnorthavenue1-blk149a-deck2b,Serangoon/Serangoon North Avenue 1/Blk 149A/Deck 2B,1.367212,103.873289,149A Serangoon North Avenue 1,551149
jurongwest-boonlaydrive-blk196-deck1a,Jurong West/Boon Lay Drive/Blk 196/Deck 1A,1.342613,103.713707,196 Boon Lay Drive,640196
angmokio-angmokiostreet51-blk590-deck1a,Ang Mo Kio/Ang Mo Kio Street 51/Blk 590/Deck 1A,1.371634,103.853064,590 Ang Mo Kio Street 51,560590
serangoon-serangoonnorthavenue4-blk512a-deck1b,Serangoon/Serangoon North Avenue 4/Blk 512A/Deck 1B,1.371005,103.8751,512A Serangoon North Avenue 4,551512
sembawang-sembawangclose-blk322a-deck3a,Sembawang/Sembawang Close/Blk 322A/Deck 3A,1.446177,103.818248,322A Sembawang Close,751322
sembawang-sembawangcrescent-blk365-deck2b,Sembawang/Sembawang Crescent/Blk 365/Deck 2B,1.444464,103.816083,365 Sembawang Crescent,750365
sengkang-compassvalewalk-blk236a-deck1b,Sengkang/Compassvale Walk/Blk 236A/Deck 1B,1.390343,103.900021,236A Compassvale Walk,541236
geylang-circuitroad-blk66a-deck1a,Geylang/Circuit Road/Blk 66A/Deck 1A,1.326411,103.88797,66A Circuit Road,371066
jurongwest-yunganroad-blk364-deck1a,Jurong West/Yung An Road/Blk 364/Deck 1A,1.337184,103.720457,364 Yung An Road,610364
queenstown-ghimmohroad-blk2a-deck1,Queenstown/Ghim Moh Road/Blk 2A/Deck 1,1.312774,103.787393,2A Ghim Moh Road,272002
serangoon-serangooncentral-blk264-deck2,Serangoon/Serangoon Central/Blk 264/Deck 2,1.352005,103.872152,264 Serangoon Central,550264
clementi-clementiavenue3-blk440-deck1a,Clementi/Clementi Avenue 3/Blk 440/Deck 1A,1.31642,103.76392,440 Clementi Avenue 3,120440
sengkang-anchorvaledrive-blk319-deck2a,Sengkang/Anchorvale Drive/Blk 319/Deck 2A,1.390657,103.890279,319 Anchorvale Drive,540319
bukitmerah-jalanrumahtinggi-blk37a-deck3b,Bukit Merah/Jalan Rumah Tinggi/Blk 37A/Deck 3B,1.289373,103.81042,37A Jalan Rumah Tinggi,151037
yishun-yishunstreet31-blk333-deck1a,Yishun/Yishun Street 31/Blk 333/Deck 1A,1.43154,103.844951,333 Yishun Street 31,760333
central-5purvisstreet,Central/5 Purvis Street,1.296717,103.85496,5 Purvis Street,188584
pasirris-pasirrisdrive10-blk736a-deck1b,Pasir Ris/Pasir Ris Drive 10/Blk 736A/Deck 1B,1.37877,103.9374,736A Pasir Ris Drive 10,511736
bidadari-bidadariparkdrive-blk106-deck2a,Bidadari/Bidadari Park Drive/Blk 106/Deck 2A,1.333517,103.8706,106 Bidadari Park Drive,340106
pasirris-pasirrisstreet51-blk526-deck1b,Pasir Ris/Pasir Ris Street 51/Blk 526/Deck 1B,1.367774,103.9474,526 Pasir Ris Street 51,510526
pasirris-pasirrisstreet71-blk762a-deck1a,Pasir Ris/Pasir Ris Street 71/Blk 762A/Deck 1A,1.376083,103.9333,762A Pasir Ris Street 71,511762
sembawang-canberracrescent-blk117-deck2b,Sembawang/Canberra Crescent/Blk 117/Deck 2B,1.445044,103.8299,117 Canberra Crescent,750117
yishun-yishunstreet41-blk456a-deck1b,Yishun/Yishun Street 41/Blk 456A/Deck 1B,1.419846,103.8451,456A Yishun Street 41,761456
yishun-yishunstreet51-blk512-deck1a,Yishun/Yishun Street 51/Blk 512/Deck 1A,1.41461,103.841,512 Yishun Street 51,760512
bukitmerah-evertonpark-blk6a-deck1b,Bukit Merah/Everton Park/Blk 6A/Deck 1B,1.27625,103.8389,6A Everton Park,82006
bukitmerah-bukitpurmeiroad-blk109,Bukit Merah/Bukit Purmei Road/Blk 109,1.273803,103.8258,109 Bukit Purmei Road,90109
choachukang-choachukangcentral-blk205,Choa Chu Kang/Choa Chu Kang Central/Blk 205,1.381051,103.7481,205 Choa Chu Kang Central,680205
toapayoh-lorong8toapayoh-blk213,Toa Payoh/Lorong 8 Toa Payoh/Blk 213,1.341068,103.8551,213 Lorong 8 Toa Payoh,310213
toapayoh-toapayohnorth-blk206,Toa Payoh/Toa Payoh North/Blk 206,1.342474,103.84704,206 Toa Payoh North,310206
queenstown-commonwealthavenue-blk7b-deck1b,Queenstown/Commonwealth Avenue/Blk 7B/Deck 1B,1.306364,103.79504,7B Commonwealth Avenue,142007
jurongwest-jurongweststreet81-blk832a-deckbasement,Jurong West/Jurong West Street 81/Blk 832A/Deck Basement,1.344525,103.69462,832A Jurong West Street 81,641832
tampines-tampinesstreet22-blk299a,Tampines/Tampines Street 22/Blk 299A,1.350399,103.95424,299A Tampines Street 22,521299
clementi-clementiweststreet2-blk727,Clementi/Clementi West Street 2/Blk 727,1.304208,103.763558,727 Clementi West Street 2,120727
bukitmerah-hendersonroad-blk96-deck1a,Bukit Merah/Henderson Road/Blk 96/Deck 1A,1.287793,103.821375,96 Henderson Road,150096
tampines-tampinesavenue8-blk879c-deck1a,Tampines/Tampines Avenue 8/Blk 879C/Deck 1A,1.351144,103.928663,879C Tampines Avenue 8,523879
punggol-punggolfield-blk204-deckb1,Punggol/Punggol Field/Blk 204/Deck B1,1.398494,103.90305,204 Punggol Field,820204
bukitbatok-bukitbatokwestavenue5-blk436-deck1a,Bukit Batok/Bukit Batok West Avenue 5/Blk 436/Deck 1A,1.358769,103.739499,436 Bukit Batok West Avenue 5,650436
bukitmerah-telokblangahrise-blk32,Bukit Merah/Telok Blangah Rise/Blk 32,1.273125,103.82106,32 Telok Blangah Rise,90032
